[
    {"Station": "UB01", "Description": "Misheel expo CLEM Chingis avenue, 20th khoroo, Khan-Uul district", "Lat": 47.89401, "Long": 106.88265},
    {"Station": "UB02", "Description": "Baruun 4 zam Construction collage, Peace avenue, 17th khoroo, Bayangol district", "Lat": 47.91541, "Long": 106.89433},
    {"Station": "UB03", "Description": "1-r khoroolol Ulaanbaatar hydro and meteorological center, 12th khoroo, Songinokhairkhan district", "Lat": 47.91798, "Long": 106.84806},
    {"Station": "UB04", "Description": "Bukhiin urguu 13th subdistrict, 15th khoroo, Bayanzurkh district", "Lat": 47.91740, "Long": 106.93749},
    {"Station": "UB05", "Description": "100 ail Kindergarten #69, 10th khoroo, Sukhbaatar district", "Lat": 47.93290, "Long": 106.92138},
    {"Station": "UB06", "Description": "Officer's palace Nuclear research center of NUM. 13th khoroo, Bayanzurkh district", "Lat": 47.91345, "Long": 106.97203},
    {"Station": "UB07", "Description": "Mongol gazar \"Mongol gazar\" LLC, 20th khoroo8 Bayangol district", "Lat": 47.90562, "Long": 106.84249},
    {"Station": "UB08", "Description": "Urgakh naran Urgakhnaran khoroolol, 11th khoroo8 Bayanzurkh district", "Lat": 47.86595, "Long": 107.11827},
    {"Station": "UB09", "Description": "Damba Mining and thermal technology institute of MUST, Sukhbaatar district", "Lat": 47.98191, "Long": 106.94051},
    {"Station": "UB10", "Description": "Khaniin material 7th khoroo, Songinokhairkhan district", "Lat": 47.91209, "Long": 106.82302},
    {"Station": "UB11", "Description": "Khailaast Kindergarten #83, 16th khoroo, Chingiltei district", "Lat": 47.95828, "Long": 106.90265},
    {"Station": "UB12", "Description": "5-n buudal Kindergarten #248, 16th khoroo, Sukhbaatar district", "Lat": 47.95398, "Long": 106.92100},
    {"Station": "UB13", "Description": "Bogdiin musiem Bogd khaan palace musiem, 15th khoroo, Khan-Uul district", "Lat": 47.89695, "Long": 106.90648},
    {"Station": "UB14", "Description": "Sharkhad National center for mental health, 9th khoroo, Bayanzurkh district", "Lat": 47.93377, "Long": 107.01040},
    {"Station": "UB15", "Description": "Nalaikh Nalaikh district", "Lat": 47.77717, "Long": 107.25270},
    {"Station": "UB16", "Description": "Yarmag Ministry of environment and tourism, Artsat, 23rd khoroo, Khan-Uul district", "Lat": 47.86835, "Long": 106.83515},
    {"Station": "APRD01", "Description": "Толгойт School #65, 3th khoroo, Songinokhairkhan district", "Lat": 47.92250, "Long": 106.79480},
    {"Station": "APRD02", "Description": "Зурагт Mongolian national broadcasting, 11th khoroo, Bayangol district", "Lat": 47.92971, "Long": 106.88860},
    {"Station": "APRD03", "Description": "Амгалан Amgalan, 8th khoroo, Bayanzurkh disctrict", "Lat": 47.91348, "Long": 106.99794},
    {"Station": "APRD04", "Description": "Нисэх Eco town, 9th khoroo, Khan-Uul district", "Lat": 47.86394, "Long": 106.77909},
    {"Station": "APRD05", "Description": "Баянхошуу \"MonLaa\" LLC. 7th khoroo, Songinokhairkhan district", "Lat": 47.95755, "Long": 106.82274},
    {"Station": "APRD06", "Description": "Dambadarjaa Dari-Ekh spring, Sukhbaatar district", "Lat": 47.96294, "Long": 106.93194},
    {"Station": "BN", "Description": "Baganuur", "Lat": 47.78483, "Long": 108.37143},
    {"Station": "Dar1", "Description": "Darkhan 1", "Lat": 49.49009, "Long": 105.94036},
    {"Station": "Dar2", "Description": "Darkhan Shariin gol", "Lat": 49.24484, "Long": 106.41996},
    {"Station": "Dar3", "Description": "Darkhan 3", "Lat": 49.45849, "Long": 105.97351},
    {"Station": "Erd1", "Description": "Erdenet 1", "Lat": 49.02770, "Long": 104.04529},
    {"Station": "Erd2", "Description": "Erdenet 2", "Lat": 49.02537, "Long": 104.02806},
    {"Station": "ZKH", "Description": "Zuunkharaa", "Lat": 48.85220, "Long": 106.45545}
]
