{
  "topLeft": {
    "lat": 48.270201, "lng": 106.33858
  }, "bottomRight": {
    "lat": 47.309328, "lng": 108.572522
  }, "weights": [
    ["  0", "  0", "  0", "  0", "  0", "  0", "  0", "  0", "  0", "  0", "  0", "  0", "  0", "  0", "  0", "  0", "  0", "  0", "  0", "176", "  0", "  0", "  0", "  0", "  0", "  0", "  0", "  0", "  0", "  0", "  0", "  0", "  0", "  0", "  0", "  0", "  0", "  0", "  0", "  0", "  0", "  0", "  0", "  0", "  0", "  0", "  0", "  0", "  0", "  0", "  0", "  0", "  0", "  0", "  0", "  0", "  0", "  0", "  0", "  0", "  0", "  0", "  0", "  0", "  0", "  0", "  0", "  0", "  0", "  0", "  0", "  0", "  0", "  0", "  0", "  0", "  0", "  0", "  0", "  0", "  0", "  0", "  0", "  0", "  0", "  0", "  0", "  0", "  0", " 44", "176", "  0", "  0", "  0", "  0", "  0", "  0", "  0", "  0", "  0", "  0", "  0", "  0", "  0", "  0", "264", "  0", "  0", "  0", "  0", "  0"],
    ["  0", "  0", "  0", "  0", "  0", "  0", "  0", "  0", "  0", "  0", "  0", "  0", "  0", "  0", "  0", "  0", "  0", "  0", "  0", "198", "  0", "  0", "  0", "  0", "  0", "  0", "  0", "  0", "  0", "  0", "  0", "  0", "  0", "  0", "  0", "  0", "  0", "  0", "  0", "  0", "  0", "  0", "  0", "  0", "  0", "  0", "  0", "  0", "  0", "  0", "  0", "  0", "  0", "  0", "  0", "  0", "  0", "  0", "  0", "  0", "  0", "  0", "  0", "  0", "  0", "  0", "  0", "  0", "  0", "  0", "  0", "  0", "  0", "  0", "  0", "  0", "  0", "  0", "  0", "  0", "  0", "  0", "  0", "  0", "  0", "  0", "  0", "  0", "  0", "264", "  0", "  0", "  0", "  0", "  0", "  0", "  0", "  0", "  0", "  0", "  0", "  0", "  0", "  0", "  0", " 88", "242", "  0", "  0", "  0", " 14"],
    ["  0", "  0", "  0", "  0", "  0", "  0", "  0", "  0", "  0", "  0", "  0", "  0", "  0", "  0", "  0", "  0", "  0", "  0", "132", "220", "  0", "  0", "  0", "  0", "  0", "  0", "  0", "  0", "  0", "  0", "  0", "  0", "  0", "  0", "  0", "  0", "  0", "  0", "  0", "  0", "  0", "  0", "  0", "  0", "  0", "  0", "  0", "  0", "  0", "  0", "  0", "  0", "  0", "  0", "  0", "  0", "  0", "  0", "  0", "  0", "  0", "  0", "  0", "  0", "  0", "  0", "  0", "  0", "  0", "  0", "  0", "  0", "  0", "  0", "  0", "  0", "  0", "  0", "  0", "  0", "  0", "  0", "  0", "  0", "  0", "  0", "  0", "  0", "198", " 44", "  0", "  0", "  0", "  0", "  0", "  0", "  0", "  0", "  0", "  0", "  0", "  0", "  0", "  0", "  0", "  0", "572", "  0", "  0", "132", "124"],
    ["  0", "  0", "  0", "  0", "  0", "  0", "  0", "  0", "  0", "  0", "  0", "  0", "  0", "  0", "  0", "  0", "  0", "  0", "132", "  0", "  0", "  0", "  0", "  0", "  0", "  0", "  0", "  0", "  0", "  0", "  0", "  0", "  0", "  0", "  0", "  0", "  0", "  0", "  0", "  0", "  0", "  0", "  0", "  0", "  0", "  0", "  0", "  0", "  0", "  0", "  0", "  0", "  0", "  0", "  0", "  0", "  0", "  0", "  0", "  0", "  0", "  0", "  0", "  0", "  0", "  0", "  0", "  0", "  0", "  0", "  0", "  0", "  0", "  0", "  0", "  0", "  0", "  0", "  0", "  0", "  0", "  0", "  0", "  0", "  0", "  0", "  0", "352", "  0", "  0", "  0", "  0", "  0", "  0", "  0", "  0", "  0", "  0", "  0", "  0", "  0", "  0", "  0", "  0", "  0", "  0", "352", "264", "374", "187", " 82"],
    ["  0", "  0", "  0", "  0", "  0", "  0", "  0", "  0", "  0", "  0", "  0", "  0", "  0", "  0", "  0", "  0", "  0", "  0", "462", "  0", "  0", "  0", "  0", "  0", "  0", "  0", "  0", "  0", "  0", "  0", "  0", "  0", "  0", "  0", "  0", "  0", "  0", "  0", "  0", "  0", "  0", "  0", "  0", "  0", "  0", "  0", "  0", "  0", "  0", "  0", "  0", "  0", "  0", "  0", "  0", "  0", "  0", "  0", "  0", "  0", "  0", "  0", "  0", "  0", "  0", "  0", "  0", "  0", "  0", "  0", "  0", "  0", "  0", "  0", "  0", "  0", "  0", "  0", "  0", "  0", "  0", "  0", "  0", "  0", "  0", "  0", "462", " 22", "  0", "  0", "  0", "  0", "  0", "  0", "  0", "  0", "  0", "  0", "  0", "  0", "  0", "  0", "  0", "  0", "  0", "242", "418", "385", "  0", "  0", "  0"],
    ["396", "176", "  0", "  0", "  0", "  0", "  0", "  0", "  0", "  0", "  0", "  0", "  0", "  0", "  0", "  0", "  0", "  0", "528", "  0", "  0", "  0", "  0", "  0", "  0", "  0", "  0", "  0", "  0", "  0", "  0", "  0", "  0", "  0", "  0", "  0", "  0", "  0", "  0", "  0", "  0", "  0", "  0", "  0", "  0", "  0", "  0", "  0", "  0", "  0", "  0", "  0", "  0", "  0", "  0", "  0", "  0", "  0", "  0", "  0", "  0", "  0", "  0", "  0", "  0", "  0", "  0", "  0", "  0", "  0", "  0", "  0", "  0", "  0", "  0", "  0", "  0", "  0", "  0", "  0", "  0", "  0", "  0", "  0", "  0", "  0", "198", "  0", "  0", "  0", "  0", "  0", "  0", "  0", "  0", "  0", "  0", "  0", "  0", "  0", "  0", "  0", "  0", "  0", "  0", " 88", "220", "  0", "  0", "  0", "  0"],
    ["  0", "286", " 66", "  0", "  0", "  0", "  0", "  0", "  0", "  0", "  0", "  0", "  0", "  0", "  0", "  0", "  0", "110", " 88", "  0", "  0", "  0", "  0", "  0", "  0", "  0", "  0", "  0", "  0", "  0", "  0", "  0", "  0", "  0", "  0", "  0", "  0", "  0", "  0", "  0", "  0", "  0", "  0", "  0", "  0", "  0", "  0", "  0", "  0", "  0", "  0", "  0", "  0", "  0", "  0", "  0", "  0", "  0", "  0", "  0", "  0", "  0", "  0", "  0", "  0", "  0", "  0", "  0", "  0", "  0", "  0", "  0", "  0", "  0", "  0", "  0", "  0", "  0", "  0", "  0", "  0", "  0", "  0", "  0", "  0", "374", " 22", "  0", "  0", "  0", "  0", "  0", "  0", "  0", "  0", "  0", "  0", "  0", "  0", "  0", "  0", "  0", "  0", "  0", "  0", "  0", "231", "  0", "  0", "  0", "  0"],
    ["  0", "  0", "110", "198", "  0", "  0", "  0", "  0", "  0", "  0", "  0", "  0", "  0", "  0", "  0", "  0", "  0", "176", "  0", "  0", "  0", "  0", "  0", "  0", "  0", "  0", "  0", "  0", "  0", "  0", "  0", "  0", "  0", "  0", "  0", "  0", "  0", "  0", "  0", "  0", "  0", "  0", "  0", "  0", "  0", "  0", "  0", "  0", "  0", "  0", "  0", "  0", "  0", "  0", "  0", "  0", "  0", "  0", "  0", "  0", "  0", "  0", "  0", "  0", "  0", "  0", "  0", "  0", "  0", "  0", "  0", "  0", "  0", "  0", "  0", "  0", "  0", "  0", "  0", "  0", "  0", "  0", "  0", "  0", "  0", "374", "  0", "  0", "  0", "  0", "  0", "  0", "  0", "  0", "  0", "  0", "  0", "  0", "  0", "  0", "  0", "  0", "  0", "  0", "  0", "  0", "374", " 22", "  0", "  0", "  0"],
    ["  0", "  0", "  0", " 22", "  0", "  0", "  0", "  0", "  0", "  0", "  0", "  0", "  0", "  0", "  0", "  0", "176", "  0", "  0", "  0", "  0", "  0", "  0", "  0", "  0", "  0", "  0", "  0", "  0", "  0", "  0", "  0", "  0", "  0", "  0", "  0", "  0", "  0", "  0", "  0", "  0", "  0", "  0", "  0", "  0", "  0", "  0", "  0", "  0", "  0", "  0", "  0", "  0", "  0", "  0", "  0", "  0", "  0", "  0", "  0", "  0", "  0", "  0", "  0", "  0", "  0", "  0", "  0", "  0", "  0", "  0", "  0", "  0", "  0", "  0", "  0", "  0", "  0", "  0", "  0", "  0", "  0", "  0", "  0", "396", " 99", " 99", "  0", "  0", "  0", "  0", "  0", "  0", "  0", "  0", "  0", "  0", "  0", "  0", "  0", "  0", "  0", "  0", "  0", "  0", "  0", "  0", "572", "  0", "  0", "  0"],
    ["  0", "  0", "  0", "286", "154", "  0", "  0", "  0", "  0", "  0", "  0", "  0", "  0", "  0", "  0", "198", "132", "  0", "  0", "  0", "  0", "  0", "  0", "  0", "  0", "  0", "  0", "  0", "  0", "  0", "  0", "  0", "  0", "  0", "  0", "  0", "  0", "  0", "  0", "  0", "  0", "  0", "  0", "  0", "  0", "  0", "  0", "  0", "  0", "  0", "  0", "  0", "  0", "  0", "  0", "  0", "  0", "  0", "  0", "  0", "  0", "  0", "  0", "  0", "  0", "  0", "  0", "  0", "  0", "  0", "  0", "  0", "  0", "  0", "  0", "  0", "  0", "  0", "132", " 22", "  0", " 22", "286", "440", "264", "  0", "  0", "  0", "  0", "  0", "  0", "  0", "  0", "  0", "  0", "  0", "  0", "  0", "  0", "  0", "  0", "  0", "  0", "  0", "  0", "  0", "  0", "407", "  0", "  0", "  8"],
    ["  0", "  0", "  0", "  0", "484", "  0", "  0", "  0", "  0", "  0", "  0", "  0", "  0", "  0", "  0", "517", "616", " 88", "  0", "  0", "  0", "  0", "  0", "  0", "  0", "  0", "  0", "649", "  0", "  0", "  0", "  0", "  0", "  0", "  0", "  0", "  0", "  0", "  0", "  0", "  0", "  0", "  0", "  0", "  0", "  0", "  0", "  0", "  0", "  0", "  0", "  0", "  0", "  0", "  0", "  0", "  0", "  0", "  0", "  0", "  0", "253", "286", "572", "110", "  0", "  0", "  0", "  0", "  0", "  0", "  0", "  0", "  0", "  0", "  0", "  0", "462", "330", "154", "220", "308", " 66", "  0", "  0", "  0", "  0", "  0", "  0", "  0", "  0", "  0", "  0", "  0", "  0", "  0", "  0", "  0", "  0", "  0", "  0", "  0", "  0", "  0", "  0", "  0", "  0", "154", "  0", "  0", " 14"],
    ["  0", "  0", "  0", "  0", "220", " 66", "  0", "  0", "  0", "  0", "  0", "  0", "  0", "  0", "132", "198", "  0", "374", "374", "  0", "  0", "  0", "  0", "  0", "  0", "  0", "  0", "704", "  0", "  0", "  0", "  0", "  0", "  0", "  0", "  0", "  0", "  0", "  0", "  0", "  0", "  0", "  0", "  0", "  0", "  0", "  0", "  0", "  0", "  0", "  0", "  0", "  0", "  0", "  0", "  0", "  0", "  0", "  0", "  0", "  0", "  0", "  0", "  0", "396", "  0", "  0", "  0", "  0", "  0", "  0", "  0", "  0", "  0", "  0", "  0", "363", "429", "  0", "  0", "  0", "  0", "  0", "  0", "  0", "  0", "  0", "  0", "  0", "  0", "  0", "  0", "  0", "  0", "  0", "  0", "  0", "  0", "  0", "  0", "  0", "  0", "  0", "  0", "  0", "  0", "  0", "154", "  0", "  0", "  6"],
    ["  0", "  0", "  0", "  0", "  0", "220", "  0", "429", "  0", "  0", "  0", "  0", "  0", "154", "198", "  0", "  0", "  0", "110", "836", "198", "  0", "  0", "  0", "  0", "  0", "  0", "594", "  0", "  0", "  0", "  0", "  0", "  0", "  0", "  0", "  0", "  0", "  0", "  0", "  0", "  0", "  0", "  0", "  0", "  0", "  0", "  0", "  0", "  0", "  0", "  0", "  0", "  0", "  0", "  0", "  0", "  0", "  0", "  0", "  0", "  0", "  0", "308", " 66", "  0", "  0", "  0", "  0", "  0", "  0", "  0", "  0", "  0", "242", "242", "  0", "  0", "  0", "  0", "  0", "  0", "  0", "  0", "  0", "  0", "  0", "  0", "  0", "  0", "  0", "  0", "  0", "  0", "  0", "  0", "  0", "  0", "  0", "  0", "  0", "  0", "  0", "  0", "  0", "  0", "  0", "154", "  0", "  0", "  6"],
    ["  0", "  0", "  0", "  0", "  0", "  0", "198", "  0", "396", "  0", "  0", "  0", "198", " 44", "  0", "  0", "  0", "  0", "  0", "  0", "286", "330", "396", "968", "440", "  0", "  0", "374", "  0", "  0", "  0", "  0", "  0", "  0", "  0", "  0", "  0", "  0", "  0", "  0", "  0", "  0", "  0", "  0", "  0", "  0", "  0", "  0", "  0", "  0", "  0", "  0", "  0", "  0", "  0", "  0", "  0", "  0", "  0", "  0", "  0", "  0", "  0", "110", "572", "  0", "  0", "  0", "  0", "  0", "  0", "  0", " 22", "198", " 44", "  0", "  0", "  0", "  0", "  0", "  0", "  0", "  0", "  0", "  0", "  0", "  0", "  0", "  0", "  0", "  0", "  0", "  0", "  0", "  0", "  0", "  0", "  0", "  0", "  0", "  0", "  0", "  0", "  0", "  0", "  0", "  0", " 88", " 88", "  0", " 42"],
    ["  0", "  0", "  0", "  0", "  0", "  0", "154", " 44", "770", "  0", "  0", "418", " 44", "  0", "  0", "  0", "  0", "  0", "  0", "  0", "  0", "  0", "  0", "  0", "220", "999", "726", "330", " 66", "451", "  0", "  0", "  0", "  0", "  0", "  0", "  0", "  0", "  0", "  0", "  0", "  0", "  0", "  0", "  0", "  0", "  0", "  0", "  0", "  0", "  0", "  0", "  0", "  0", "  0", "  0", "  0", "  0", "  0", "  0", "  0", "  0", "  0", "396", "308", "  0", "  0", "  0", "  0", "  0", "  0", " 66", "198", "  0", "  0", "  0", "  0", "  0", "  0", "  0", "  0", "  0", "  0", "  0", "  0", "  0", "  0", "  0", "  0", "  0", "  0", "  0", "  0", "  0", "  0", "  0", "  0", "  0", "  0", "  0", "  0", "  0", "  0", "  0", "  0", "  0", "  0", "  0", "154", "154", "  0"],
    ["  0", "  0", "  0", "  0", "  0", "  0", "  0", "286", "418", "  0", "  0", "242", "  0", "  0", "  0", "  0", "  0", "  0", "  0", "  0", "  0", "  0", "  0", "  0", "  0", "  0", "154", "825", "616", "  0", "  0", "  0", "715", "  0", "  0", "  0", "  0", "  0", "  0", "  0", "  0", "  0", "  0", "  0", "  0", "  0", "  0", "  0", "  0", "  0", "  0", "  0", "  0", "  0", "  0", "  0", "  0", "  0", "  0", "  0", "  0", "  0", "  0", "396", "  0", "  0", "  0", "  0", "  0", "  0", "264", "121", "  0", "  0", "  0", "  0", "  0", "  0", "  0", "  0", "  0", "  0", "  0", "  0", "  0", "  0", "  0", "  0", "  0", "  0", "  0", "  0", "  0", "  0", "  0", "  0", "  0", "  0", "  0", "  0", "  0", "  0", "  0", "  0", "  0", "  0", "  0", "  0", "154", "176", "  0"],
    ["121", "  0", "  0", "  0", "  0", "  0", "  0", " 55", "110", "  0", "154", " 44", "  0", "  0", "  0", "  0", "  0", "  0", "  0", "  0", "  0", "  0", "  0", "  0", "  0", "  0", "  0", "539", "  0", "  0", "  0", "  0", "462", "  0", "  0", "  0", "  0", "  0", "  0", "  0", "  0", "  0", "  0", "  0", "  0", "  0", "  0", "  0", "  0", "  0", "  0", "  0", "  0", "  0", "  0", "  0", "  0", "  0", "  0", "  0", "  0", "  0", "  0", "440", "  0", "  0", "  0", "  0", "506", "660", "352", "  0", "  0", "  0", "  0", "  0", "  0", "  0", "  0", "  0", "  0", "  0", "  0", "  0", "  0", "  0", "  0", "  0", "  0", "  0", "  0", "  0", "  0", "  0", "  0", "  0", "  0", "  0", "  0", "  0", "  0", "  0", "  0", "  0", "  0", "  0", "  0", "  0", "154", " 44", "  0"],
    ["418", "352", "220", "154", "374", "220", "  0", "  0", "110", "  0", " 44", "  0", "  0", "  0", "  0", "  0", "  0", "  0", "  0", "  0", "  0", "  0", "  0", "  0", "  0", "  0", "  0", " 88", "440", "  0", "803", "  0", "352", "  0", "  0", "  0", "  0", "  0", "  0", "  0", "  0", "  0", "  0", "  0", "  0", "  0", "  0", "  0", "  0", "  0", "  0", "  0", "  0", "  0", "  0", "  0", "  0", "  0", "  0", "  0", "  0", "  0", "  0", "198", "176", " 22", "374", "715", "132", "  0", "  0", "  0", "  0", "  0", "  0", "  0", "  0", "  0", "  0", "  0", "  0", "  0", "  0", "  0", "  0", "  0", "  0", "  0", "  0", "  0", "  0", "  0", "  0", "  0", "  0", "  0", "  0", "  0", "  0", "  0", "  0", "  0", "  0", "  0", "  0", "  0", "  0", " 44", "253", "  0", "  0"],
    ["  0", "  0", "  0", "  0", "  0", "154", "374", "462", "649", " 22", "286", "  0", "  0", "  0", "  0", "  0", "  0", "  0", "  0", "  0", "  0", " 77", "176", "  0", "  0", "  0", "  0", "  0", "999", "154", "418", "220", "506", "  0", "  0", "  0", "  0", "  0", "  0", "  0", "  0", "  0", "  0", "  0", "  0", "  0", "  0", "  0", "  0", "  0", "  0", "  0", "  0", "  0", "  0", "  0", "  0", "  0", "  0", "  0", "  0", "  0", "  0", "  0", "594", "374", "  0", "  0", "  0", "  0", "  0", "  0", "  0", "  0", "  0", "  0", "  0", "  0", "  0", "  0", "  0", "  0", "  0", "  0", "  0", "  0", "  0", "  0", "  0", "  0", "  0", "  0", "  0", "  0", "  0", "  0", "  0", "  0", "  0", "  0", "  0", "  0", "  0", "  0", "  0", "  0", "  0", "253", "  0", "  0", "  0"],
    ["  0", "  0", "  0", "  0", "  0", "  0", "  0", "  0", "  0", "451", "616", "  0", "  0", "  0", "  0", "  0", "  0", "  0", "110", "209", "  0", "  0", "704", "  0", "  0", "  0", "143", "  0", "748", "999", "  0", "913", "  0", "  0", "  0", "  0", "  0", "  0", "  0", "  0", "  0", "  0", "  0", "  0", "  0", "  0", "  0", "  0", "  0", "  0", "  0", "  0", "  0", "  0", "  0", "  0", "  0", "  0", "  0", "  0", "  0", "  0", "  0", "484", "539", "  0", "  0", "  0", "  0", "  0", "  0", "  0", "  0", "  0", "  0", "  0", "  0", "  0", "  0", "  0", "  0", "  0", "  0", "  0", "  0", "  0", "  0", "  0", "  0", "  0", "  0", "  0", "  0", "  0", "  0", "  0", "  0", "  0", "  0", "  0", "  0", "  0", "  0", "  0", "  0", "  0", "319", " 44", "  0", "  0", "  0"],
    ["  0", "  0", "  0", "  0", "  0", "  0", "  0", "  0", "  0", "594", "473", " 22", "  0", "  0", "  0", "  0", "  0", "  0", "572", "  0", "  0", "  0", "999", "  0", " 77", "  0", "880", "  0", "418", "814", "374", "198", "  0", "  0", "  0", "  0", "  0", "  0", "  0", "  0", "  0", "  0", "  0", "  0", "  0", "  0", "242", "660", "440", "968", "550", "374", "  0", "  0", "308", "999", " 88", "  0", "  0", "  0", "  0", "  0", "264", "176", "  0", "  0", "  0", "  0", "  0", "  0", "  0", "  0", "  0", "  0", "  0", "  0", "  0", "  0", "  0", "  0", "  0", "  0", "  0", "  0", "  0", "  0", "  0", "  0", "  0", "  0", "  0", "  0", "  0", "  0", "  0", "  0", "  0", "  0", "  0", "  0", "  0", "  0", "  0", "  0", "  0", " 66", "341", "  0", "  0", "  0", "  0"],
    ["  0", "  0", "  0", "  0", "  0", "  0", "  0", "  0", "  0", "286", "  0", "198", "  0", "  0", "  0", "  0", "  0", "  0", "352", "  0", "  0", "  0", "616", "  0", "858", "  0", "451", "902", "999", "999", "319", "  0", "  0", "  0", "  0", "  0", "  0", "  0", "  0", "  0", "  0", "  0", "  0", "  0", "  0", "176", "198", "  0", "  0", "  0", "  0", "660", "770", "440", " 88", "352", "462", "242", "220", "275", "517", "374", " 66", "  0", "  0", "  0", "  0", "  0", "  0", "  0", "  0", "  0", "  0", "  0", "  0", "  0", "  0", "  0", "  0", "  0", "  0", "  0", "  0", "  0", "  0", "  0", "  0", "  0", "  0", "  0", "  0", "  0", "  0", "  0", "  0", "  0", "  0", "  0", "  0", "  0", "  0", "  0", "  0", "  0", "  0", "154", "198", "  0", "  0", "  0", "  0"],
    ["  0", "  0", "  0", "  0", "  0", "  0", "  0", "  0", "  0", "616", "  0", " 88", "638", "  0", "  0", "  0", "  0", "  0", "484", "  0", "  0", "  0", " 22", "814", "891", "594", "999", "999", "999", "NaN", "  0", "  0", "  0", "  0", "  0", "  0", "  0", "  0", "  0", "  0", "  0", "  0", "  0", "  0", "  0", "462", "  0", "  0", "  0", "  0", "  0", "  0", "  0", "  0", "  0", "154", "  0", "  0", "  0", "  0", "  0", "  0", "  0", "  0", "  0", "  0", "  0", "  0", "  0", "  0", "  0", "  0", "  0", "  0", "  0", "  0", "  0", "  0", "  0", "  0", "  0", "  0", "  0", "  0", "  0", "  0", "  0", "  0", "  0", "  0", "  0", "  0", "  0", "  0", "  0", "  0", "  0", "  0", "  0", "  0", "  0", "  0", "  0", "  0", "  0", "209", "  0", "  0", "  0", "  0", "  0"],
    ["  0", "  0", "  0", "  0", "  0", "  0", "  0", "  0", " 88", "792", "  0", "  0", " 22", "999", "  0", "  0", "  0", "  0", "528", "  0", "  0", "  0", "165", "660", "999", "999", "999", "999", "999", "NaN", "999", "418", "  0", "  0", "  0", "  0", "  0", "  0", "  0", "  0", "  0", "  0", "  0", "  0", "484", " 66", "  0", "  0", "  0", "  0", "  0", "  0", "  0", "  0", "132", "308", "  0", "  0", "  0", "  0", "  0", "  0", "  0", "  0", "  0", "  0", "  0", "  0", "  0", "  0", "  0", "  0", "  0", "  0", "  0", "  0", "  0", "  0", "  0", "  0", "  0", "  0", "  0", "  0", "  0", "  0", "  0", "  0", "  0", "  0", "  0", "  0", "  0", "  0", "  0", "  0", "  0", "  0", "  0", "  0", "  0", "  0", "  0", "  0", "  0", "132", "  0", "  0", "  0", "  0", "  0"],
    ["  0", "  0", "  0", "  0", "  0", "484", "999", "999", "946", "999", "  0", "  0", "  0", "935", "726", "  0", "209", " 88", "506", "286", "  0", "462", "836", "NaN", "  0", "  0", "999", "NaN", "NaN", "999", "484", "704", "363", "154", "  0", "  0", "  0", "  0", "  0", "  0", "  0", "  0", "  0", "902", " 44", "  0", "  0", "  0", "  0", "  0", "  0", "  0", "  0", "  0", "999", "110", "  0", "  0", "  0", "  0", "  0", "  0", "  0", "  0", "  0", "  0", "  0", "  0", "  0", "  0", "  0", "  0", "  0", "  0", "  0", "  0", "  0", "  0", "  0", "  0", "  0", "  0", "  0", "  0", "  0", "  0", "  0", "  0", "  0", "  0", "  0", "  0", "  0", "  0", "  0", "  0", "  0", "  0", "  0", "  0", "  0", "  0", "  0", "  0", "  0", "176", "  0", "  0", "  0", "  0", "  0"],
    ["  0", "  0", "231", "528", "770", "308", "  0", "  0", "792", "198", "374", "638", "999", "627", " 44", "  0", "  0", "506", "  0", "748", " 66", "999", "999", "999", "528", "999", "999", "999", "NaN", "999", "999", "999", "999", "NaN", "935", " 33", "  0", "  0", "154", "880", "999", " 66", "308", "154", "  0", "  0", "  0", "  0", "  0", "  0", "  0", "  0", "  0", "  0", "924", "  0", "  0", "  0", "  0", "  0", "  0", "  0", "  0", "  0", "  0", "  0", "  0", "  0", "  0", "  0", "  0", "  0", "  0", "  0", "  0", "  0", "  0", "  0", "  0", "  0", "  0", "  0", "  0", "  0", "  0", "  0", "  0", "  0", "  0", "  0", "  0", "  0", "  0", "  0", "  0", "  0", "  0", "  0", "  0", "  0", "  0", "  0", "  0", "  0", "  0", "132", "  0", "  0", "  0", "  0", "  0"],
    [" 66", " 44", " 44", " 66", "  0", "  0", "  0", "  0", "132", "242", "594", " 22", "  0", "  0", "374", "  0", "  0", "110", "999", "880", "999", "999", "NaN", "999", "999", "999", "999", "NaN", "999", "999", "999", "999", "999", "999", "999", "220", "506", "231", "473", "  0", "  0", "968", "506", "  0", "  0", "  0", "  0", "  0", "  0", "  0", "  0", "  0", "  0", "  0", "682", "  0", "  0", "  0", "  0", "  0", "  0", "  0", "  0", "  0", "  0", "  0", "  0", "  0", "  0", "  0", "  0", "  0", "  0", "  0", "  0", "  0", "  0", "  0", "  0", "  0", "  0", "  0", "  0", "  0", "  0", "  0", "  0", "  0", "  0", "  0", "  0", "  0", "  0", "  0", "  0", "  0", "  0", "  0", "  0", "  0", "  0", "  0", "  0", "  0", " 66", "308", "  0", "  0", "  0", "  0", "  0"],
    ["  0", "  0", "  0", " 88", " 66", " 22", " 44", " 66", "330", "407", " 22", "374", " 44", "  0", " 22", "616", "999", "352", "999", "999", "704", " 44", "770", "NaN", "308", "NaN", "999", "NaN", "999", "NaN", "902", "NaN", "NaN", "999", "999", "999", "  0", "  0", "  0", "  0", "  0", "330", " 22", "  0", "  0", "  0", "  0", "  0", "  0", "  0", "  0", "  0", "  0", "  0", "352", "  0", "  0", "  0", "  0", "  0", "  0", "  0", "  0", "  0", "  0", "  0", "  0", "  0", "  0", "  0", "  0", "  0", "  0", "  0", "  0", "  0", "  0", "  0", "  0", "  0", "  0", "  0", "  0", "  0", "  0", "  0", "  0", "  0", "  0", "  0", "  0", "  0", "  0", "  0", "  0", "  0", "  0", "  0", "  0", "  0", "  0", "  0", "  0", "  0", "154", "  0", "  0", "  0", "  0", "  0", "  0"],
    ["  0", "  0", "  0", "  0", "  0", "  0", "  0", "  0", "  0", "  0", "  0", "  0", "682", "253", "594", "220", "  0", "  0", "  0", "  0", "  0", " 22", "781", "550", "- 1", "999", "NaN", "999", "NaN", "999", "396", "999", "999", "999", "999", "999", "999", "858", "  0", "  0", "  0", "  0", "  0", "  0", "  0", "  0", "  0", "  0", "  0", "  0", "  0", "  0", "  0", "  0", "484", "  0", "  0", "  0", "  0", "  0", "  0", "  0", "  0", "  0", "  0", "  0", "  0", "  0", "  0", "  0", "  0", "  0", "  0", "  0", "  0", "  0", "  0", "  0", "  0", "  0", "  0", "  0", "  0", "  0", "  0", "  0", "  0", "  0", "  0", "  0", "  0", "  0", "  0", "  0", "  0", "  0", "  0", "  0", "  0", "  0", "  0", "  0", "  0", "  0", "176", "  0", "  0", "  0", "  0", "  0", "  0"],
    ["  0", "  0", "  0", "  0", "  0", "  0", "  0", "  0", "  0", "  0", "  0", "  0", "374", "242", "  0", "  0", "  0", "  0", "  0", "  0", "  0", "748", "770", "825", "836", "440", "  0", "385", "506", "176", "  0", "  0", "  0", "  0", "  0", "  0", "  0", "792", "440", "  0", "  0", "  0", "  0", "  0", "  0", "  0", "  0", "  0", "  0", "  0", "  0", "  0", "  0", "352", "154", "  0", "  0", "  0", "  0", "  0", "  0", "  0", "  0", "  0", "  0", "  0", "  0", "  0", "  0", "  0", "  0", "  0", "  0", "  0", "  0", "  0", "  0", "  0", "  0", "  0", "  0", "  0", "  0", "  0", "  0", "  0", "  0", "  0", "  0", "  0", "  0", "  0", "  0", "  0", "  0", "  0", "  0", "  0", "  0", "  0", "  0", "  0", "  0", "154", "110", "  0", "  0", "  0", "  0", "  0", "  4"],
    ["  0", "  0", "  0", "  0", "  0", "  0", "  0", "  0", "  0", "  0", "  0", "  0", "396", "  0", "  0", "  0", "  0", "  0", "  0", " 22", "999", "999", "999", "176", "NaN", "  0", "  0", "  0", "  0", "143", "  0", "  0", "  0", "  0", "  0", "  0", "  0", "  0", "NaN", "649", "  0", "  0", "  0", "  0", "  0", "  0", "  0", "  0", "  0", "  0", "  0", "  0", " 44", "396", "  0", "  0", "  0", "  0", "  0", "  0", "  0", "  0", "  0", "  0", "  0", "  0", "  0", "  0", "  0", "  0", "  0", "  0", "  0", "  0", "  0", "  0", "  0", "  0", "  0", "  0", "  0", "  0", "  0", "  0", "  0", "  0", "  0", "  0", "  0", "  0", "  0", "  0", "  0", "  0", "  0", "  0", "  0", "  0", "  0", "  0", "  0", "  0", "  0", "176", "  0", "  0", "  0", "  0", "  0", " 66", " 62"],
    ["  0", "  0", "  0", "  0", "  0", "  0", "  0", "  0", "  0", "  0", "  0", "  0", "418", "  0", "  0", "  0", "572", "484", "286", "484", "  0", "- 1", "968", "  0", "506", "  0", "  0", "  0", "  0", "  0", "  0", "  0", "  0", "  0", "  0", "  0", "  0", "  0", "  0", "999", "462", "  0", "  0", "  0", "  0", "  0", "  0", "  0", "  0", "  0", "  0", "  0", "308", "  0", "  0", "  0", "  0", "  0", "  0", "  0", "  0", "  0", "  0", "  0", "  0", "  0", "  0", "  0", "  0", "  0", "  0", "  0", "  0", "  0", "  0", "  0", "  0", "  0", "  0", "  0", "  0", "  0", "  0", "  0", "  0", "  0", "  0", "  0", "  0", "  0", "  0", "  0", "  0", "  0", "  0", "  0", "  0", "  0", "  0", "  0", "  0", "  0", "132", " 22", " 22", "572", "132", "352", "110", "  0", "  0"],
    ["  0", "  0", "  0", "  0", "  0", "  0", "  0", "  0", "  0", "  0", "  0", "154", "132", "  0", "  0", "286", "374", "  0", " 66", "  0", "  0", "999", "704", "  0", "220", "869", "  0", "  0", "  0", "  0", "  0", "  0", "  0", "  0", "  0", "  0", "  0", "  0", "  0", "  0", "726", "  0", "  0", "  0", "  0", "  0", "  0", "  0", "  0", "999", "  0", "264", " 66", "  0", "  0", "  0", "  0", "  0", "  0", "  0", "  0", "  0", "  0", "  0", "  0", "  0", "  0", "  0", "  0", "  0", "  0", "  0", "  0", "  0", "  0", "  0", "  0", "  0", "  0", "  0", "  0", "  0", "  0", "  0", "  0", "  0", "  0", "  0", "  0", "  0", "  0", "  0", "  0", "  0", "  0", "  0", "  0", "  0", "  0", "  0", "  0", "  0", " 88", " 11", "  0", "  0", "  0", "  0", "  0", "  0", "  0"],
    ["  0", "  0", "  0", "  0", "  0", "  0", "  0", "  0", "  0", "  0", "  0", "418", " 44", "286", "  0", "352", "836", "308", "946", "792", "999", "220", "506", "374", "  0", "  0", "  0", "  0", "  0", "  0", "  0", "  0", "  0", "  0", "  0", "  0", "  0", "  0", "  0", "  0", " 44", "770", "  0", "  0", "  0", "  0", "  0", "  0", "999", "374", "484", " 88", "  0", "  0", "  0", "  0", "  0", "  0", "  0", "  0", "  0", "  0", "  0", "  0", "  0", "  0", "  0", "  0", "  0", "  0", "  0", "  0", "  0", "  0", "  0", "  0", "  0", "  0", "  0", "  0", "  0", "  0", "  0", "  0", "  0", "  0", "  0", "  0", "  0", "  0", "  0", "  0", "  0", "  0", "  0", "  0", "  0", "  0", "  0", "  0", "  0", "286", "  0", "  0", "  0", "  0", "  0", "  0", "  0", "  0", "  0"],
    ["  0", "  0", "  0", "  0", "  0", "  0", "  0", "  0", "  0", "  0", "  0", "  0", "396", "506", "999", "902", " 22", "352", "  0", "  0", "660", "  0", "  0", "286", "429", "  0", "  0", "  0", "  0", "  0", "  0", "  0", "  0", "  0", "  0", "  0", "  0", "  0", "  0", "  0", "  0", "  0", "748", "154", "  0", "  0", "  0", "  0", "440", "  0", "  0", "  0", "  0", "  0", "  0", "  0", "  0", " 66", "308", "220", " 66", " 66", " 88", "  0", "  0", "  0", "  0", "  0", "  0", "  0", "  0", "  0", "  0", "  0", "  0", "  0", "  0", "  0", "  0", "  0", "  0", "  0", "  0", "  0", "  0", "  0", "  0", "  0", "  0", "  0", "  0", "  0", "  0", "  0", "  0", "  0", "  0", "  0", "  0", "  0", "726", "660", "  0", "  0", "  0", "  0", "  0", "  0", "  0", "  0", "  0"],
    ["  0", "  0", "  0", "  0", "  0", "  0", "  0", "  0", "  0", "  0", "  0", "  0", "  0", " 66", "999", "374", "506", "308", "220", "  0", "999", "  0", "  0", "  0", "  0", "  0", "  0", "  0", "  0", "  0", "  0", "  0", "  0", "  0", "  0", "  0", "  0", "  0", "  0", "  0", "  0", "  0", " 44", "999", "858", "704", "198", "781", "825", "  0", "  0", " 44", " 55", "  0", "  0", "154", "220", "  0", "  0", "  0", "  0", "  0", "176", "176", " 44", "  0", "  0", "  0", "  0", "  0", "  0", "  0", "  0", "  0", "  0", "  0", "  0", "  0", "  0", "  0", "  0", "  0", "  0", "  0", "  0", "  0", "  0", "  0", "  0", "  0", "  0", "  0", "  0", "  0", "  0", "  0", "  0", "  0", "  0", "  0", "999", "154", "  0", "  0", "  0", "  0", "  0", "  0", "  0", "  0", "  0"],
    ["  0", "  0", "  0", "  0", "  0", "  0", "  0", "  0", "  0", "  0", "  0", "  0", "  0", "264", "  0", "  0", "  0", "682", "726", "999", "704", "  0", "  0", "  0", "  0", "  0", "  0", "  0", "  0", "  0", "  0", "  0", "  0", "  0", "  0", "  0", "  0", "  0", "  0", "  0", "  0", "  0", "  0", "110", "999", "418", "  0", "  0", "231", "132", "132", "583", "154", "154", " 88", "  0", "  0", "  0", "  0", "  0", "  0", "  0", "  0", "  0", "286", "154", "  0", "  0", "  0", "  0", "  0", "  0", "  0", "  0", "  0", "  0", "  0", "  0", "  0", "  0", "  0", "  0", "  0", "  0", "  0", "  0", "  0", "  0", "  0", "  0", "  0", "  0", "  0", "  0", "  0", "  0", "110", "264", "176", "264", "NaN", "  0", "  0", "  0", "  0", "  0", "  0", "  0", "  0", "  0", "  0"],
    ["  0", "  0", "  0", "  0", "  0", "  0", "  0", "  0", "  0", "  0", "  0", "198", "440", " 66", "  0", "  0", "  0", "682", "  0", " 44", "550", "110", "  0", "  0", "  0", "  0", "  0", "  0", "  0", "  0", "  0", "  0", "  0", "  0", "  0", "  0", "  0", "  0", "  0", "  0", "  0", "  0", "  0", "  0", "330", "NaN", " 11", "  0", "  0", "  0", "  0", "  0", "  0", "  0", "  0", "  0", "  0", "  0", "  0", "  0", "  0", "  0", "  0", "  0", "  0", " 22", "110", "132", " 44", "  0", "  0", "  0", "  0", "  0", "  0", "  0", "  0", "  0", "  0", "  0", "  0", "  0", "  0", "  0", "  0", "  0", "  0", "  0", "  0", "  0", "  0", "  0", "  0", "  0", "  0", "176", "154", "  0", "  0", "  0", "583", "132", "  0", "  0", "  0", "  0", "  0", "  0", "  0", "  0", "  0"],
    ["  0", "  0", "  0", "  0", "  0", "  0", "  0", "858", "814", "999", "682", "957", "  0", "  0", "  0", "  0", "  0", "528", "  0", "  0", "  0", "462", "110", "  0", "  0", "  0", "  0", "  0", "  0", "  0", "  0", "  0", "  0", "  0", "  0", "  0", "  0", "  0", "  0", "  0", "  0", "  0", "  0", "  0", "264", "  0", "  0", "  0", "  0", "  0", "  0", "  0", "  0", "  0", "  0", "  0", "  0", "  0", "  0", "  0", "  0", "  0", "  0", "  0", "  0", "  0", "  0", "  0", " 66", "132", "132", "  0", "  0", "  0", "  0", "  0", "  0", "  0", "  0", "  0", "  0", "  0", "  0", "  0", "  0", "  0", "  0", "  0", "  0", "  0", "  0", "  0", "  0", " 66", " 66", "154", " 33", "  0", "  0", "  0", "  0", " 44", "154", "  0", "  0", "  0", "  0", "  0", "  0", "  0", "  0"],
    ["  0", "  0", "  0", "  0", "  0", "198", "814", "374", "  0", "  0", "  0", "154", "374", "  0", "  0", "  0", "  0", "352", "  0", "  0", "  0", "  0", " 44", "550", "308", "176", "242", "462", "  0", "  0", "  0", "  0", "  0", "  0", "  0", "  0", "  0", "  0", "  0", "  0", "  0", "  0", "  0", " 22", " 66", "  0", "  0", "  0", "  0", "  0", "  0", "  0", "  0", "  0", "  0", "  0", "  0", "  0", "  0", "  0", "  0", "  0", "  0", "  0", "  0", "  0", "  0", "  0", "  0", "  0", " 44", " 22", "  0", "  0", "  0", "  0", "  0", "  0", "  0", "  0", "  0", "  0", "  0", "  0", "  0", "  0", "  0", "  0", "  0", "  0", "  0", "  0", "  0", " 77", "  0", " 44", "  0", "  0", "  0", "  0", "  0", "  0", " 44", "220", "  0", "  0", "  0", "  0", "  0", "  0", "  0"],
    ["  0", "  0", "  0", "  0", "  0", "990", "  0", "  0", "  0", "  0", "  0", "  0", "308", "308", "  0", "  0", "  0", "682", "  0", "  0", "  0", "  0", "  0", "  0", "  0", "  0", "  0", "396", "231", "  0", "  0", "  0", "  0", "  0", "  0", "  0", "  0", "  0", "  0", "  0", "  0", "  0", "  0", "242", "  0", "  0", "  0", "  0", "  0", "  0", "  0", "  0", "  0", "  0", "  0", "  0", "  0", "  0", "  0", "  0", "  0", "  0", "  0", "  0", "  0", "  0", "  0", "  0", "  0", "  0", "  0", "198", "  0", "  0", "  0", "  0", "  0", "  0", "  0", " 22", "110", "132", "  0", "  0", "  0", "  0", "  0", "253", "  0", "  0", "  0", "  0", "  0", "  0", "  0", " 22", "  0", "  0", "  0", "  0", "  0", "  0", "  0", " 44", "  0", "  0", "  0", "  0", "  0", "  0", "  4"],
    ["  0", "  0", "  0", "  0", "814", "132", "  0", "  0", "  0", "  0", "  0", "  0", "  0", "308", "176", "  0", "  0", "726", "  0", "  0", "  0", "  0", "  0", "  0", "  0", "  0", "  0", "242", "308", "572", "165", "  0", "  0", "  0", "  0", "  0", "  0", "  0", "  0", "  0", "  0", "  0", "429", "693", "  0", "  0", "  0", "  0", "  0", "  0", "  0", "  0", "  0", "  0", "  0", "  0", "  0", "  0", "  0", "  0", "  0", "  0", "  0", "  0", "  0", "  0", "  0", "  0", "  0", "  0", "  0", " 44", "110", "  0", "  0", "  0", "  0", "  0", "  0", "308", "  0", "  0", "  0", "176", "  0", " 88", " 66", "341", "  0", "  0", "  0", "  0", "  0", "  0", " 66", "  0", "  0", "  0", "  0", "  0", "  0", "  0", "  0", "198", "  0", "  0", "  0", "  0", "  0", " 22", "  0"],
    ["  0", "  0", "462", "440", " 88", "  0", "  0", "  0", "  0", "  0", "  0", "  0", "  0", "  0", "110", " 44", "  0", "440", "  0", "  0", "  0", "  0", "  0", "  0", "  0", "  0", "  0", "330", "  0", "891", "999", "440", "154", "  0", "  0", "  0", "  0", "  0", "  0", "  0", "  0", "  0", "  0", "429", "  0", "  0", "  0", "  0", "  0", "  0", "  0", "  0", "  0", "  0", "  0", "  0", "  0", "  0", "  0", "  0", "  0", "  0", "  0", "  0", "  0", "  0", "  0", "  0", "  0", "  0", "  0", "  0", "  0", " 66", " 22", " 22", " 66", "110", "176", " 22", "  0", "  0", "  0", "  0", "  0", "  0", "  0", "  0", " 66", " 66", " 44", "132", " 88", "  0", " 66", "  0", "  0", "  0", "  0", "  0", "  0", "  0", "  0", "286", "572", "264", " 22", " 22", " 88", " 66", "  0"],
    ["528", "154", " 22", "  0", "  0", "  0", "  0", "  0", "  0", "  0", "  0", "  0", "  0", "  0", "  0", " 88", "  0", "  0", "506", " 22", "  0", "  0", "  0", "  0", "  0", "  0", " 44", "110", "  0", "374", "154", "  0", " 66", "264", "154", "  0", "  0", "  0", "  0", "  0", " 22", "396", "528", " 66", "220", "  0", "  0", "  0", "  0", "  0", "  0", "  0", "  0", "  0", "  0", "  0", "  0", "  0", "  0", "  0", "  0", "  0", "  0", "  0", "  0", "  0", "  0", "  0", "  0", "  0", "  0", "  0", "  0", "  0", "  0", "176", "154", "  0", "  0", "  0", "  0", "  0", "  0", "  0", "  0", "  0", "  0", "  0", "  0", "  0", "  0", "  0", " 88", "363", "  0", "  0", "  0", "  0", "  0", "  0", "  0", "  0", "  0", "  0", "  0", "  0", "  0", "  0", "  0", "  0", "  0"],
    ["  0", "  0", "  0", "  0", "  0", "  0", "  0", "  0", "  0", "  0", "  0", "  0", "  0", "  0", "  0", "110", "  0", "  0", "  0", "286", "528", "396", " 44", "  0", "  0", "  0", "176", " 22", "264", "242", "  0", "  0", "  0", "  0", " 44", "132", " 22", " 11", "  0", " 44", "198", "  0", "  0", "  0", "154", "  0", "  0", "  0", "  0", "  0", "  0", "  0", "  0", "  0", "  0", "  0", "  0", "  0", "  0", "  0", "  0", "  0", "  0", "  0", "  0", "  0", "  0", "  0", "  0", "  0", "  0", "  0", "  0", "  0", "  0", "  0", "  0", "  0", "  0", "  0", "  0", "  0", "  0", "  0", "  0", "  0", "  0", "  0", "  0", "  0", "  0", "  0", "  0", " 44", "  0", "  0", "  0", "  0", "  0", "  0", "  0", "  0", "  0", "  0", "  0", "  0", "  0", "  0", "  0", "  0", "  0"],
    ["  0", "  0", "  0", "  0", "  0", "  0", "  0", "  0", "  0", "  0", "  0", "  0", "  0", "  0", "  0", "154", "  0", "  0", "  0", "  0", "  0", "  0", "308", "999", "999", "  0", "385", "198", "  0", "  0", "220", "  0", "  0", "  0", "  0", "  0", " 88", " 66", "781", " 44", "  0", "  0", "  0", "  0", " 22", "264", "  0", "  0", "  0", "  0", "  0", "  0", "  0", "  0", "  0", "  0", "  0", "  0", "  0", "  0", "  0", "  0", "  0", "  0", "  0", "  0", "  0", "  0", "  0", "  0", "  0", "  0", "  0", "  0", "  0", "  0", "  0", "  0", "  0", "  0", "  0", "  0", "  0", "  0", "  0", "  0", "  0", "  0", "  0", "  0", "  0", "  0", " 22", " 44", "  0", "  0", "  0", "  0", "  0", "  0", "  0", "  0", "  0", "  0", "  0", "  0", "  0", "  0", "  0", "  0", "  0"],
    ["  0", "  0", "  0", "  0", "  0", "  0", "  0", "  0", "  0", "  0", "  0", "  0", "  0", "  0", "  0", "176", "  0", "  0", "  0", "  0", "  0", "  0", "  0", "  0", " 22", "418", " 88", "352", "  0", "  0", "154", "  0", "  0", "  0", "  0", "  0", "  0", "  0", "  0", "  0", "  0", "  0", "  0", "  0", "154", " 22", "  0", "  0", "  0", "  0", "  0", "  0", "  0", "  0", "  0", "  0", "  0", "  0", "  0", "  0", "  0", "  0", "  0", "  0", "  0", "  0", "  0", "  0", "  0", "  0", "  0", "  0", "  0", "  0", "  0", "  0", "  0", "  0", "  0", "  0", "  0", "  0", "  0", "  0", "  0", "  0", "  0", "  0", "  0", "  0", "  0", " 22", "154", "  0", "  0", "  0", "  0", "  0", "  0", "  0", "  0", "  0", "  0", "  0", "  0", "  0", "  0", "  0", "  0", "  0", "  0"],
    ["  0", "  0", "  0", "  0", "  0", "  0", "  0", "  0", "  0", "  0", "  0", "  0", "  0", "  0", " 44", " 88", "  0", "  0", "  0", "  0", "  0", "  0", "  0", "  0", "  0", "  0", "  0", "264", "  0", "  0", " 88", "  0", "  0", "  0", "  0", "  0", "  0", "  0", "  0", "  0", "  0", "  0", "  0", "  0", " 66", "  0", "  0", "  0", "  0", "  0", "  0", "  0", "  0", "  0", "  0", "  0", "  0", "  0", "  0", "  0", "  0", "  0", "  0", "  0", "  0", "  0", "  0", "  0", "  0", "  0", "  0", "  0", "  0", "  0", "  0", "  0", "  0", "  0", "  0", "121", "154", "132", "  0", "  0", "  0", "  0", "165", "  0", " 66", " 22", " 66", "  0", "  0", "  0", "  0", "  0", "  0", "  0", "  0", "  0", "  0", "  0", "  0", "  0", "  0", "  0", "  0", "  0", "  0", "  0", "  0"],
    ["  0", "  0", "  0", "  0", "  0", "  0", "  0", "  0", "  0", "  0", "  0", "  0", "  0", "  0", " 22", "  0", "  0", "  0", "  0", "  0", "  0", "  0", "  0", "110", "  0", "  0", "  0", "418", "  0", "  0", "  0", "110", "  0", "  0", "  0", "  0", "  0", "  0", "  0", "  0", "  0", "  0", "  0", "  0", "418", "  0", "  0", "  0", "  0", "  0", "  0", "  0", "  0", "  0", "  0", "  0", "  0", "  0", "  0", "  0", "  0", "  0", "  0", "  0", "  0", "  0", "  0", "  0", "  0", "  0", "  0", "  0", "  0", "  0", "  0", "  0", "  0", "  0", "  0", "  0", "  0", "  0", " 88", " 66", " 66", " 66", "  0", "  0", "  0", "  0", "  0", "  0", "  0", "  0", "  0", "  0", "  0", "  0", "  0", "  0", "  0", "  0", "  0", "  0", "  0", "  0", "  0", "  0", "  0", "  0", "  0"],
    ["  0", "  0", "  0", "  0", "  0", "  0", "  0", "  0", "  0", "  0", "  0", "  0", "  0", "  0", " 44", "  0", "  0", "  0", "  0", "  0", "  0", "  0", " 44", "  0", "  0", "  0", "264", " 66", "  0", "  0", "  0", "154", "  0", "  0", "  0", "  0", "  0", "  0", "  0", "  0", "  0", "  0", "  0", "  0", " 66", "264", "330", "  0", "  0", "  0", "  0", "  0", "  0", "  0", "  0", "  0", "  0", "  0", "  0", "  0", "  0", "  0", "  0", "  0", "  0", "  0", "  0", "  0", "  0", "  0", "  0", "  0", "  0", "  0", "  0", "  0", "  0", "  0", "  0", "  0", "  0", "  0", "  0", "  0", " 66", "  0", "  0", "  0", "  0", "  0", "  0", "  0", "  0", "  0", "  0", "  0", "  0", "  0", "  0", "  0", "  0", "  0", "  0", "  0", "  0", "  0", "  0", "  0", "  0", "  0", "  0"],
    ["  0", "  0", "  0", "  0", "  0", "  0", "  0", "  0", "  0", "  0", "  0", "  0", "  0", "  0", "  0", "  0", "  0", "  0", "  0", "  0", "  0", "  0", " 55", "  0", "  0", "  0", "176", "  0", "  0", "  0", "  0", "  0", "176", "  0", "  0", "  0", "  0", "  0", "  0", "  0", "  0", "  0", "  0", "  0", "  0", "  0", "  0", "748", " 88", "  0", "  0", "  0", "  0", "  0", "  0", "  0", "  0", "  0", "  0", "  0", "  0", "  0", "  0", "  0", "  0", "  0", "  0", "  0", "  0", "  0", "  0", "  0", "  0", "  0", "  0", "  0", "  0", "  0", "  0", "  0", "  0", "  0", "  0", " 88", " 44", "  0", "  0", "  0", "  0", "  0", "  0", "  0", "  0", "  0", "  0", "  0", "  0", "  0", "  0", "  0", "  0", "  0", "  0", "  0", "  0", "  0", "  0", "  0", "  0", "  0", "  0"],
    ["  0", "  0", "  0", "  0", "  0", "  0", "  0", "  0", "  0", "  0", "  0", "  0", "  0", " 88", "  0", "  0", "  0", "  0", "  0", "  0", "  0", "  0", "  0", "  0", "  0", " 22", "110", "  0", "  0", "  0", "  0", "  0", "242", "  0", "  0", "  0", "  0", "  0", "  0", "  0", "  0", "  0", "  0", "  0", "  0", "  0", "  0", "  0", "286", " 88", "  0", "  0", "  0", "  0", "  0", "  0", "  0", "  0", "  0", "  0", "  0", "  0", "  0", "  0", "  0", "  0", "  0", "  0", "  0", "  0", "  0", "  0", "  0", "  0", "  0", "  0", "  0", "  0", "  0", "  0", "  0", "  0", " 88", "  0", "  0", "  0", "  0", "  0", "  0", "  0", "  0", "  0", "  0", "  0", "  0", "  0", "  0", "  0", "  0", "  0", "  0", "  0", "  0", "  0", "  0", "  0", "  0", "  0", "  0", "  0", "  0"],
    ["  0", "  0", "  0", "  0", "  0", "  0", "  0", "  0", "  0", "  0", "  0", "  0", " 44", "  0", "  0", "  0", "  0", "  0", "  0", "  0", "  0", "  0", "  0", "  0", "  0", "308", "  0", "  0", "  0", "  0", "  0", "  0", "330", "  0", "  0", "  0", "  0", "  0", "  0", "  0", "  0", "  0", "  0", "  0", "  0", "  0", "  0", "  0", "  0", "132", "198", "  0", "  0", "  0", "  0", "  0", "  0", "  0", "  0", "  0", "  0", "  0", "  0", "  0", "  0", "  0", "  0", "  0", "  0", "  0", "  0", "  0", "  0", "  0", "  0", "  0", "  0", "  0", "  0", "  0", "  0", " 22", "  0", "  0", "  0", "  0", "  0", "  0", "  0", "  0", "  0", "  0", "  0", "  0", "  0", "  0", "  0", "  0", "  0", "  0", "  0", "  0", "  0", "  0", "  0", "  0", "  0", "  0", "  0", "  0", "  0"],
    ["  0", "  0", "  0", "  0", "  0", "  0", "  0", "  0", "  0", "  0", "  0", " 22", "  0", "  0", "  0", "  0", "  0", "  0", "  0", "  0", "  0", "  0", "  0", "  0", "  0", "264", "  0", "  0", "  0", "  0", "  0", "  0", "132", "  0", "  0", "  0", "  0", "  0", "  0", "  0", "  0", "  0", "  0", "  0", "  0", "  0", "  0", "  0", "  0", "  0", " 22", "  0", "  0", "  0", "  0", "  0", "  0", "  0", "  0", "  0", "  0", "  0", "  0", "  0", "  0", "  0", "  0", "  0", "  0", "  0", "  0", "  0", "  0", "  0", "  0", "  0", "  0", "  0", "  0", "  0", " 44", "  0", "  0", "  0", "  0", "  0", "  0", "  0", "  0", "  0", "  0", "  0", "  0", "  0", "  0", "  0", "  0", "  0", "  0", "  0", "  0", "  0", "  0", "  0", "  0", "  0", "  0", "  0", "  0", "  0", "  0"],
    ["  0", "  0", "  0", "  0", "  0", "  0", "  0", "  0", "  0", "  0", " 88", " 22", "  0", "  0", "  0", "  0", "  0", "  0", "  0", "  0", "  0", "  0", "  0", "  0", "220", "  0", "  0", "  0", "  0", "  0", "  0", "  0", "110", " 22", "  0", "  0", "  0", "  0", "  0", "  0", "  0", "  0", "  0", "  0", "  0", "  0", "  0", "  0", "  0", "  0", " 22", " 22", "  0", "  0", "  0", "  0", "  0", "  0", "  0", "  0", "  0", "  0", "  0", "  0", "  0", "  0", "  0", "  0", "  0", "  0", "  0", "  0", "  0", "  0", "  0", "  0", "  0", "  0", "  0", " 88", " 22", "  0", "  0", "  0", "  0", "  0", "  0", "  0", "  0", "  0", "  0", "  0", "  0", "  0", "  0", "  0", "  0", "  0", "  0", "  0", "  0", "  0", "  0", "  0", "  0", "  0", "  0", "  0", "  0", "  0", "  0"],
    ["  0", "  0", "  0", "  0", "  0", "  0", "  0", "  0", "  0", " 88", "143", "  0", "  0", "  0", "  0", "  0", "  0", "  0", "  0", "  0", "  0", "  0", "  0", " 66", " 22", "  0", "  0", "  0", "  0", "  0", "  0", "  0", "  0", " 66", "  0", "  0", "  0", "  0", "  0", "  0", "  0", "  0", "  0", "  0", "  0", "  0", "  0", "  0", "  0", "  0", "  0", "220", "  0", "  0", "  0", "  0", "  0", "  0", "  0", "  0", "  0", "  0", "  0", "  0", "  0", "  0", "  0", "  0", "  0", "  0", "  0", "  0", "  0", "  0", "  0", "  0", "  0", "  0", "374", "264", "  0", "  0", "  0", "  0", "  0", "  0", "  0", "  0", "  0", "  0", "  0", "  0", "  0", "  0", "  0", "  0", "  0", "  0", "  0", "  0", "  0", "  0", "  0", "  0", "  0", "  0", "  0", "  0", "  0", "  0", "  0"],
    ["  0", "  0", "  0", "  0", "  0", "  0", "  0", "  0", "110", "132", "  0", "  0", "  0", "  0", "  0", "  0", "  0", "  0", "  0", "  0", "  0", "  0", "  0", "264", "  0", "  0", "  0", "  0", "  0", "  0", "  0", "  0", "  0", " 44", " 66", "  0", "  0", "  0", "  0", "  0", "  0", "  0", "  0", "  0", "  0", "  0", "  0", "  0", "  0", "  0", "  0", " 22", "  0", "  0", "  0", "  0", "  0", "  0", "  0", "  0", "  0", "  0", "  0", "  0", "  0", "  0", "  0", "  0", "  0", "  0", "  0", "  0", "  0", "  0", "  0", "  0", "  0", "  0", "396", "  0", "  0", "  0", "  0", "  0", "  0", "  0", "  0", "  0", "  0", "  0", "  0", "  0", "  0", "  0", "  0", "  0", "  0", "  0", "  0", "  0", "  0", "  0", "  0", "  0", "  0", "  0", "  0", "  0", "  0", "  0", "  0"],
    ["  0", "  0", "  0", "  0", "  0", "  0", " 44", "220", "110", " 88", "  0", "  0", "  0", "  0", "  0", "  0", "  0", "  0", "  0", "  0", "  0", "  0", "  0", "110", "  0", "  0", "  0", "  0", "  0", "  0", "  0", "  0", "  0", "  0", " 44", "  0", "  0", "  0", "  0", "  0", "  0", "  0", "  0", "  0", "  0", "  0", "  0", "  0", "  0", "  0", "  0", " 22", "242", "  0", "  0", "  0", "  0", "  0", "  0", "  0", "  0", "  0", "  0", "  0", "  0", "  0", "  0", "  0", "  0", "  0", "  0", "  0", "  0", "  0", "  0", "  0", "  0", "264", " 22", "  0", "  0", "  0", "  0", "  0", "  0", "  0", "  0", "  0", "  0", "  0", "  0", "  0", "  0", "  0", "  0", "  0", "  0", "  0", "  0", "  0", "  0", "  0", "  0", "  0", "  0", "  0", "  0", "  0", "  0", "  0", "  0"],
    ["  0", "  0", "  0", "  0", "  0", "110", "110", "  0", " 66", "  0", "  0", "  0", "  0", "  0", "  0", "  0", "  0", "  0", "  0", "  0", "  0", "  0", "176", "  0", "  0", "  0", "  0", "  0", "  0", "  0", "  0", "  0", "  0", "  0", " 88", "  0", "  0", "  0", "  0", "  0", "  0", "  0", "  0", "  0", "  0", "  0", "  0", "  0", "  0", "  0", "  0", "  0", "  0", "  0", "  0", "  0", "  0", "  0", "  0", "  0", "  0", "  0", "  0", "  0", "  0", "  0", "  0", "  0", "  0", "  0", "  0", "  0", "  0", "  0", "  0", "  0", "  0", "220", "  0", "  0", "  0", "  0", "  0", "  0", "  0", "  0", "  0", "  0", "  0", "  0", "  0", "  0", "  0", "  0", "  0", "  0", "  0", "  0", "  0", "  0", "  0", "  0", "  0", "  0", "  0", "  0", "  0", "  0", "  0", "  0", "  0"],
    ["  0", "  0", "  0", "  0", "132", "198", "  0", "132", " 88", "  0", "  0", "  0", "  0", "  0", "  0", "  0", "  0", "  0", "  0", "  0", "  0", "  0", " 88", "  0", "  0", "  0", "  0", "  0", "  0", "  0", "  0", "  0", "  0", "  0", " 44", "  0", "  0", "  0", "  0", "  0", "  0", "  0", "  0", "  0", "  0", "  0", "  0", "  0", "  0", "  0", "  0", "154", "  0", "  0", "  0", "  0", "  0", "  0", "  0", "  0", "  0", "  0", "  0", "  0", "  0", "  0", "  0", "  0", "  0", "  0", "  0", "  0", "  0", "  0", "  0", "  0", "198", "  0", "  0", "  0", "  0", "  0", "  0", "  0", "  0", "  0", "  0", "  0", "  0", "  0", "  0", "  0", "  0", "  0", "  0", "  0", "  0", "  0", "  0", "  0", "  0", "  0", "  0", "  0", "  0", "  0", "  0", "  0", "  0", "  0", "  0"],
    ["  0", "  0", "110", "286", " 88", "  0", "  0", "110", "  0", "  0", "  0", "  0", "  0", "  0", "  0", "  0", "  0", "  0", "  0", "  0", "  0", " 88", " 22", "  0", "  0", "  0", "  0", "  0", "  0", "  0", "  0", "  0", "  0", "  0", " 88", "  0", "  0", "  0", "  0", "  0", "  0", "  0", "  0", "  0", "  0", "  0", "  0", "  0", "  0", "  0", "  0", "  0", " 44", "  0", "  0", "  0", "  0", "  0", "  0", "  0", "  0", "  0", "  0", "  0", "  0", "  0", "  0", "  0", "  0", "  0", "  0", "  0", "  0", "  0", "  0", "  0", "220", "  0", "  0", "  0", "  0", "  0", "  0", "  0", "  0", "  0", "  0", "  0", "  0", "  0", "  0", "  0", "  0", "  0", "  0", "  0", "  0", "  0", "  0", "  0", "  0", "  0", "  0", "  0", "  0", "  0", "  0", "  0", "  0", "  0", "  0"],
    ["  0", " 66", "220", "  0", "  0", "  0", " 66", "  0", "  0", "  0", "  0", "  0", "  0", "  0", "  0", "  0", "  0", "  0", "  0", "  0", "  0", "154", "  0", "  0", "  0", "  0", "  0", "  0", "  0", "  0", "  0", "  0", "  0", "  0", "  0", " 22", "  0", "  0", "  0", "  0", "  0", "  0", "  0", "  0", "  0", "  0", "  0", "  0", "  0", "  0", "  0", "  0", "198", "  0", "  0", "  0", "  0", "  0", "  0", "  0", "  0", "  0", "  0", "  0", "  0", "  0", "  0", "  0", "  0", "  0", "  0", "  0", "  0", "  0", "  0", "  0", "198", "  0", "  0", "  0", "  0", "  0", "  0", "  0", "  0", "  0", "  0", "  0", "  0", "  0", "  0", "  0", "  0", "  0", "  0", "  0", "  0", "  0", "  0", "  0", "  0", "  0", "  0", "  0", "  0", "  0", "  0", "  0", "  0", "  0", "  0"],
    ["  0", "484", "  0", "  0", "  0", " 44", "  0", "  0", "  0", "  0", "  0", "  0", "  0", "  0", "  0", "  0", "  0", "  0", "  0", "  0", "132", " 22", "  0", "  0", "  0", "  0", "  0", "  0", "  0", "  0", "  0", "  0", "  0", "  0", "  0", " 88", "  0", "  0", "  0", "  0", "  0", "  0", "  0", "  0", "  0", "  0", "  0", "  0", "  0", "  0", "  0", "  0", "  0", "  0", "  0", "  0", "  0", "  0", "  0", "  0", "  0", "  0", "  0", "  0", "  0", "  0", "  0", "  0", "  0", "  0", "  0", "  0", "  0", "  0", "  0", "198", "528", "  0", "  0", "  0", "  0", "  0", "  0", "  0", "  0", "  0", "  0", "  0", "  0", "  0", "  0", "  0", "  0", "  0", "  0", "  0", "  0", "  0", "  0", "  0", "  0", "  0", "  0", "  0", "  0", "  0", "  0", "  0", "  0", "  0", "  0"],
    ["418", " 66", "  0", "  0", " 44", " 66", "  0", "  0", "  0", "  0", "  0", "  0", "  0", "  0", "  0", "  0", "  0", "  0", "  0", " 88", "110", "  0", "  0", "  0", "  0", "  0", "  0", "  0", "  0", "  0", "  0", "  0", "  0", "  0", "  0", " 22", "  0", "  0", "  0", "  0", "  0", "  0", "  0", "  0", "  0", "  0", "  0", "  0", "  0", "  0", "  0", "  0", "  0", " 66", "  0", "  0", "  0", "  0", "  0", "  0", "  0", "  0", "  0", "  0", "  0", "  0", "  0", "  0", "  0", "  0", "  0", "  0", "  0", "  0", "  0", "154", "  0", "  0", "  0", "  0", "  0", "  0", "  0", "  0", "  0", "  0", "  0", "  0", "  0", "  0", "  0", "  0", "  0", "  0", "  0", "  0", "  0", "  0", "  0", "  0", "  0", "  0", "  0", "  0", "  0", "  0", "  0", "  0", "  0", "  0", "  0"],
    [" 66", "  0", "  0", " 22", " 44", "  0", "  0", "  0", "  0", "  0", "  0", "  0", "  0", "  0", "  0", "  0", "  0", "  0", "220", " 88", "  0", "  0", "  0", "  0", "  0", "  0", "  0", "  0", "  0", "  0", "  0", "  0", "  0", "  0", "  0", "110", "  0", "  0", "  0", "  0", "  0", "  0", "  0", "  0", "  0", "  0", "  0", "  0", "  0", "  0", "  0", "  0", "  0", "  0", "  0", "  0", "  0", "  0", "  0", "  0", "  0", "  0", "  0", "  0", "  0", "  0", "  0", "  0", "  0", "  0", "  0", "  0", "  0", "  0", "  0", " 88", " 44", "  0", "  0", "  0", "  0", "  0", "  0", "  0", "  0", "  0", "  0", "  0", "  0", "  0", "  0", "  0", "  0", "  0", "  0", "  0", "  0", "  0", "  0", "  0", "  0", "  0", "  0", "  0", "  0", "  0", "  0", "  0", "  0", "  0", "  0"],
    ["  0", "  0", " 22", " 44", "  0", "  0", "  0", "  0", "  0", "  0", "  0", "  0", "  0", "  0", "  0", "  0", "  0", "  0", "198", "  0", "  0", "  0", "  0", "  0", "  0", "  0", "  0", "  0", "  0", "  0", "  0", "  0", "  0", "  0", "  0", " 22", " 22", "  0", "  0", "  0", "  0", "  0", "  0", "  0", "  0", "  0", "  0", "  0", "  0", "  0", "  0", "  0", "  0", "  0", " 22", " 22", "  0", "  0", "  0", "  0", "  0", "  0", "  0", "  0", "  0", "  0", "  0", "  0", "  0", "  0", "  0", "  0", "  0", "  0", "  0", "176", "  0", "  0", "  0", "  0", "  0", "  0", "  0", "  0", "  0", "  0", "  0", "  0", "  0", "  0", "  0", "  0", "  0", "  0", "  0", "  0", "  0", "  0", "  0", "  0", "  0", "  0", "  0", "  0", "  0", "  0", "  0", "  0", "  0", "  0", "  0"],
    ["  0", " 44", " 22", "  0", "  0", "  0", "  0", "  0", "  0", "  0", "  0", "  0", "  0", "  0", "  0", "  0", "  0", "132", "198", "  0", "  0", "  0", "  0", "  0", "  0", "  0", "  0", "  0", "  0", "  0", "  0", "  0", "  0", "  0", "  0", "  0", "132", "  0", "  0", "  0", "  0", "  0", "  0", "  0", "  0", "  0", "  0", "  0", "  0", "  0", "  0", "  0", "  0", "  0", "  0", " 66", "132", "  0", "  0", "  0", "  0", "  0", "  0", "  0", "  0", "  0", "  0", "  0", "  0", "  0", "  0", "  0", "  0", "  0", "  0", " 66", " 22", "  0", "  0", "  0", "  0", "  0", "  0", "  0", "  0", "  0", "  0", "  0", "  0", "  0", "  0", "  0", "  0", "  0", "  0", "  0", "  0", "  0", "  0", "  0", "  0", "  0", "  0", "  0", "  0", "  0", "  0", "  0", "  0", "  0", "  0"],
    [" 22", " 22", "  0", "  0", "  0", "  0", "  0", "  0", "  0", "  0", "  0", "  0", "  0", "  0", "  0", "  0", " 22", "220", "  0", "  0", "  0", "  0", "  0", "  0", "  0", "  0", "  0", "  0", "  0", "  0", "  0", "  0", "  0", "  0", "  0", "  0", " 44", "  0", "  0", "  0", "  0", "  0", "  0", "  0", "  0", "  0", "  0", "  0", "  0", "  0", "  0", "  0", "  0", "  0", "  0", "  0", "110", "330", "  0", "  0", "  0", "  0", "  0", "  0", "  0", "  0", "  0", "  0", "  0", "  0", "  0", "  0", "  0", "  0", "  0", "  0", " 66", "  0", "  0", "  0", "  0", "  0", "  0", "  0", "  0", "  0", "  0", "  0", "  0", "  0", "  0", "  0", "  0", "  0", "  0", "  0", "  0", "  0", "  0", "  0", "  0", "  0", "  0", "  0", "  0", "  0", "  0", "  0", "  0", "  0", "  0"],
    [" 22", "  0", "  0", "  0", "  0", "  0", "  0", "  0", "  0", "  0", "  0", "  0", "  0", "  0", "  0", "  0", "374", "  0", "  0", "  0", "  0", "  0", "  0", "  0", "  0", "  0", "  0", "  0", "  0", "  0", "  0", "  0", "  0", "  0", "  0", "  0", "110", "  0", "  0", "  0", "  0", "  0", "  0", "  0", "  0", "  0", "  0", "  0", "  0", "  0", "  0", "  0", "  0", "  0", "  0", "  0", "  0", "198", "  0", "  0", "  0", "  0", "  0", "  0", "  0", "  0", "  0", "  0", "  0", "  0", "  0", "  0", "  0", "  0", "  0", "  0", " 66", "  0", "  0", "  0", "  0", "  0", "  0", "  0", "  0", "  0", "  0", "  0", "  0", "  0", "  0", "  0", "  0", "  0", "  0", "  0", "  0", "  0", "  0", "  0", "  0", "  0", "  0", "  0", "  0", "  0", "  0", "  0", "  0", "  0", "  0"],
    [" 22", "  0", "  0", "  0", "  0", "  0", "  0", "  0", "  0", "  0", "  0", "  0", "  0", "  0", "  0", "  0", "198", "  0", "  0", "  0", "  0", "  0", "  0", "  0", "  0", "  0", "  0", "  0", "  0", "  0", "  0", "  0", "  0", "  0", "  0", "  0", " 88", "  0", "  0", "  0", "  0", "  0", "  0", "  0", "  0", "  0", "  0", "  0", "  0", "  0", "  0", "  0", "  0", "  0", "  0", "  0", "  0", " 22", "  0", "  0", "  0", "  0", "  0", "  0", "  0", "  0", "  0", "  0", "  0", "  0", "  0", "  0", "  0", "  0", "  0", "  0", " 88", "  0", "  0", "  0", "  0", "  0", "  0", "  0", "  0", "  0", "  0", "  0", "  0", "  0", "  0", "  0", "  0", "  0", "  0", "  0", "  0", "  0", "  0", "  0", "  0", "  0", "  0", "  0", "  0", "  0", "  0", "  0", "  0", "  0", "  0"],
    ["  0", "  0", "  0", "  0", "  0", "  0", "  0", "  0", "  0", "  0", "  0", "  0", "  0", "  0", "  0", "  0", "176", "  0", "  0", "  0", "  0", "  0", "  0", "  0", "  0", "  0", "  0", "  0", "  0", "  0", "  0", "  0", "  0", "  0", "  0", "  0", " 22", " 22", "  0", "  0", "  0", "  0", "  0", "  0", "  0", "  0", "  0", "  0", "  0", "  0", "  0", "  0", "  0", "  0", "  0", "  0", "  0", " 44", "  0", "  0", "  0", "  0", "  0", "  0", "  0", "  0", "  0", "  0", "  0", "  0", "  0", "  0", "  0", "  0", "  0", "  0", "110", "  0", "  0", "  0", "  0", "  0", "  0", "  0", "  0", "  0", "  0", "  0", "  0", "  0", "  0", "  0", "  0", "  0", "  0", "  0", "  0", "  0", "  0", "  0", "  0", "  0", "  0", "  0", "  0", "  0", "  0", "  0", "  0", "  0", "  0"],
    ["  0", "  0", "  0", "  0", "  0", "  0", "  0", "  0", "  0", "  0", "  0", "  0", "  0", "  0", "  0", "  0", " 62", "  0", "  0", "  0", "  0", "  0", "  0", "  0", "  0", "  0", "  0", "  0", "  0", "  0", "  0", "  0", "  0", "  0", "  0", "  0", " 62", "  2", "  0", "  0", "  0", "  0", "  0", "  0", "  0", "  0", "  0", "  0", "  0", "  0", "  0", "  0", "  0", "  0", "  0", "  0", "  0", " 22", " 10", "  0", "  0", "  0", "  0", "  0", "  0", "  0", "  0", "  0", "  0", "  0", "  0", "  0", "  0", "  0", "  0", "  0", " 82", "  0", "  0", "  0", "  0", "  0", "  0", "  0", "  0", "  0", "  0", "  0", "  0", "  0", "  0", "  0", "  0", "  0", "  0", "  0", "  0", "  0", "  0", "  0", "  0", "  0", "  0", "  0", "  0", "  0", "  0", "  0", "  0", "  0", "  0"]
  ]
}